unnamed: 0,species,owner,country_of_origin,farm_name,lot_number,mill,ico_number,company,region,producer,number_of_bags,bag_weight,in_country_partner,harvest_year,grading_date,variety,processing_method,aroma,flavor,aftertaste,acidity,body,balance,uniformity,clean_cup,sweetness,cupper_points,total_cup_points,moisture,category_one_defects,quakers,color,category_two_defects,expiration,unit_of_measurement,altitude_low_meters,altitude_high_meters,altitude_mean_meters
30,Arabica,"lin, che-hao krude 林哲豪",Taiwan,tsoustructive garden 鄒築園,Tsoustructive 2015 Sumatra Typica,tsoustructive garden 鄒築園,Taiwan,taiwan coffee laboratory,"leye, alishan township, chiayi county","FANG,ZHENG-LUN 方政倫",20,50,Specialty Coffee Association,2015-01-01,2016-05-18,Sumatra,Pulped natural / honey,8.0,8.0,8.0,8.25,8.0,8.17,10.0,10.0,10.0,8.17,86.58,0.0,0,0.0,Green,0,2017-05-18,m,1200.0,1200.0,1200.0
116,Arabica,"lin, che-hao krude 林哲豪",Taiwan,shi fang yuan 十方源,2016 Tainan Coffee Cupping Event Micro Lot 臺南市咖啡評鑑批次,shi fang yuan 十方源,Taiwan,taiwan coffee laboratory,"dongshan dist., tainan city 臺南市東山區",Wang Chao Yung 王超永,10,20,Specialty Coffee Association,2016-01-01,2016-05-18,Typica,Natural / Dry,7.92,7.58,7.83,7.83,7.83,7.83,10.0,10.0,10.0,8.0,84.83,0.0,0,0.0,Green,0,2017-05-18,m,350.0,350.0,350.0
126,Arabica,consejo salvadoreño del café,El Salvador,monterrey,1-71,j.j. borja nathan,09-392-69,cafetalera del pacifico,apaneca,J.J. Borja Nathan,150,69,Salvadoran Coffee Council,2016-01-01,2017-06-26,Bourbon,Washed / Wet,7.83,7.83,7.5,8.0,7.83,7.67,10.0,10.0,10.0,8.0,84.67,0.0,0,0.0,Blue-Green,2,2018-06-26,m,1350.0,1350.0,1350.0
129,Arabica,rodrigo soto,Costa Rica,rio jorco,Tarrazu,rio jorco,5-423-0128,panamerican coffee trading,tarrazu,Johanna,15,69,Specialty Coffee Association of Costa Rica,2015-01-01,2016-10-04,Catuai,Washed / Wet,8.08,7.75,7.67,7.83,7.5,7.92,10.0,10.0,10.0,7.92,84.67,0.1,0,0.0,Blue-Green,2,2017-10-04,m,1150.0,1150.0,1150.0
130,Arabica,juan luis alvarado romero,Guatemala,san diego buena vista,11/08/0109,san diego buena vista,11/08/0109,"waelti schoenfeld exportadores de cafe, s.a.",acatenango,JUAN BOCK,120,34,Asociacion Nacional Del Café,2015-01-01,,Bourbon,Washed / Wet,7.75,7.83,7.58,8.0,7.92,7.75,10.0,10.0,10.0,7.83,84.67,0.1,0,0.0,Green,1,,m,1600.0,1600.0,1600.0
160,Arabica,ecom japan limited,Uganda,kawacom sipi project,035/170/5071146⁠⁠⁠⁠,kawacom,035/170/5071146⁠⁠⁠⁠,kawacom uganda ltd,eastern uganda,Kawacom Uganda Ltd,200,12000,Uganda Coffee Development Authority,2016-01-01,2017-03-14,SL14,Washed / Wet,7.92,7.75,7.67,7.75,7.83,7.75,10.0,10.0,10.0,7.83,84.5,0.11,0,0.0,Green,1,2018-03-14,m,1750.0,1750.0,1750.0
172,Arabica,max gurdian,Costa Rica,several farmers,5-0015-0231,beneficio san diego,5-0015-0231,beneficios volcafé costa rica,tarrazu,Beneficio San Diego,275,69,Specialty Coffee Association of Costa Rica,2016-01-01,,Caturra,Washed / Wet,7.58,7.83,7.83,8.0,7.67,7.58,10.0,10.0,10.0,7.92,84.42,0.1,0,0.0,Blue-Green,3,,m,1300.0,1300.0,1300.0
173,Arabica,aulia arif syahri,Indonesia,darmawi,MANDHELING BRASTAGI,dry mill,To be advice,pt. olam indonesia,sumatra brastagi,Surbakti,200,30,Specialty Coffee Association,2017-01-01,2017-03-14,Mandheling,Other,7.67,7.67,7.83,7.58,7.83,7.83,10.0,10.0,10.0,8.0,84.42,0.0,0,0.0,Blue-Green,3,2018-03-14,m,1400.0,1400.0,1400.0
183,Arabica,bismarck castro,Honduras,los hicaques,76,dry mill,13-111-032,cigrah s.a de c.v,central region,Reinerio Zepeda,275,69,Instituto Hondureño del Café,2016-01-01,2016-04-04,Catuai,Washed / Wet,7.58,7.92,7.58,7.75,7.92,7.75,10.0,10.0,10.0,7.83,84.33,0.11,0,1.0,Green,2,2017-04-04,m,1500.0,1500.0,1500.0
192,Arabica,"lin, che-hao krude 林哲豪",Taiwan,馨晴咖啡 good mood coffee,2017南投咖啡評鑑 NANTOU COFFEE EVALUATION EVENT 2017,馨晴咖啡 good mood coffee,Taiwan,taiwan coffee laboratory,國姓鄉 guoshing township,黃美桃 Huang Mei Tao,10,5,Specialty Coffee Association,2016-01-01,2017-08-10,Typica,Washed / Wet,7.92,7.75,7.75,7.67,7.67,7.83,10.0,10.0,10.0,7.67,84.25,0.12,0,0.0,Blue-Green,0,2018-08-10,m,1000.0,1000.0,1000.0
195,Arabica,juan luis alvarado romero,Guatemala,finca medina,11/11711/59,beneficio siembras vision (154),11/11711/59,"siembras vision, s.a.",antigua,FINCA MEDINA,230,69,Asociacion Nacional Del Café,2016-01-01,,Caturra,Washed / Wet,7.75,7.75,7.58,7.92,7.75,7.75,10.0,10.0,10.0,7.75,84.25,0.11,0,4.0,Green,4,,m,1500.0,1500.0,1500.0
196,Arabica,juan luis alvarado romero,Guatemala,finca san vicente,11/52/709,beneficio exportacafe agua santa,11/52/709,exportcafe,huehuetenango,HORACIO CIFUENTES MARTINEZ,275,69,Asociacion Nacional Del Café,2015-01-01,2016-04-06,Caturra,Washed / Wet,7.75,7.92,7.5,8.08,7.58,7.67,10.0,10.0,10.0,7.75,84.25,0.1,0,0.0,Green,1,2017-04-06,ft,1099.4136,1099.4136,1099.4136
211,Arabica,juan luis alvarado romero,Guatemala,piamonte,11/23/0365,beneficio ixchel,11/23/0365,"unex guatemala, s.a.",san marcos,JORGE LEAL,50,69,Asociacion Nacional Del Café,2017-01-01,,Bourbon,Washed / Wet,7.75,7.83,7.58,7.83,7.67,7.75,10.0,10.0,10.0,7.75,84.17,0.13,0,0.0,Green,1,,m,1700.0,1700.0,1700.0
213,Arabica,wayner jimenez,Costa Rica,los girasoles,EC-1180,los angeles micro-mill,5-818-0450,exclusive coffee - costa rica,tarrazu,Los Angeles Micro-Mill (Ricardo Calderón),150,69,Specialty Coffee Association of Costa Rica,2016-01-01,2016-08-19,Caturra,Washed / Wet,7.92,7.75,7.67,7.67,7.5,7.67,10.0,10.0,10.0,8.0,84.17,0.09,0,0.0,Bluish-Green,2,2017-08-19,m,1700.0,1700.0,1700.0
214,Arabica,juan luis alvarado romero,Guatemala,finca la joya,11/52/1170,beneficio exportacafe agua santa,11/52/1170,exportcafe,huehuetenango,DARY COLMAN ALVARADO VILLATORO,275,69,Asociacion Nacional Del Café,2016-01-01,,Caturra,Washed / Wet,7.75,7.75,7.58,8.0,7.67,7.83,10.0,10.0,10.0,7.58,84.17,0.11,0,0.0,Green,6,,ft,1116.7872,1116.7872,1116.7872
215,Arabica,juan luis alvarado romero,Guatemala,santo tomas pachuj,11/752/01,beneficio palinsa,11/752/01,cafcom,solola,FERNANDO FAHSEN,377,69,Asociacion Nacional Del Café,2016-01-01,,Caturra,Washed / Wet,7.75,7.92,7.58,7.92,7.67,7.67,10.0,10.0,10.0,7.67,84.17,0.1,0,1.0,Green,10,,m,1565.0,1565.0,1565.0
216,Arabica,juan luis alvarado romero,Guatemala,chapultepec,11/23/0335,beneficio ixchel,11/23/0335,"unex guatemala, s.a.",norte,CHAPULTEPEC,130,69,Asociacion Nacional Del Café,2016-01-01,,Bourbon,Washed / Wet,7.58,7.83,7.58,7.83,7.83,7.67,10.0,10.0,10.0,7.83,84.17,0.1,0,0.0,Green,2,,m,3280.0,3280.0,3280.0
234,Arabica,"lin, che-hao krude 林哲豪",Taiwan,chang yu liang 張玉良,2016 Tainan Coffee Cupping Event Micro Lot 臺南市咖啡評鑑批次,chang yu liang 張玉良,Taiwan,taiwan coffee laboratory,"nanxi dist., tainan city 臺南市楠西區",CHANG YU LIANG 張玉良,10,20,Specialty Coffee Association,2016-01-01,2016-05-18,Typica,Washed / Wet,7.58,7.67,7.67,7.67,7.75,7.83,10.0,10.0,10.0,7.92,84.08,0.1,0,0.0,Bluish-Green,4,2017-05-18,m,968.0,968.0,968.0
243,Arabica,bismarck castro,Honduras,las cuchillas,96,cigrah s.a de c.v.,13-111-038,cigrah s.a de c.v,comayagua,Nahun Maldonado,275,66,Instituto Hondureño del Café,2017-01-01,2017-05-11,Caturra,Washed / Wet,7.42,7.83,7.75,7.92,7.75,7.58,10.0,10.0,10.0,7.75,84.0,0.1,0,0.0,Green,5,2018-05-11,m,1500.0,1500.0,1500.0
259,Arabica,ipanema coffees,Brazil,fazenda capoeirnha,019/17,dry mill,002/1660/0079,ipanema coffees,south of minas,Ipanema Agricola S.A,320,60,Brazil Specialty Coffee Association,,2017-10-20,Bourbon,Natural / Dry,7.5,7.75,7.58,7.5,7.58,7.5,10.0,10.0,10.0,8.5,83.92,0.0,0,0.0,Green,3,2018-10-20,m,890.0,890.0,890.0
260,Arabica,cafes tomari sa de cv,Mexico,cafetal,101,cafes tomari sa de cv,016-1273-101,cafes tomari sa de cv,veracruz,CAFES TOMARI SA DE CV,200,69,Centro Agroecológico del Café A.C.,2017-01-01,,Mundo Novo,Washed / Wet,7.83,7.83,7.58,7.92,7.42,7.5,10.0,10.0,10.0,7.83,83.92,0.11,0,0.0,Green,5,,m,1300.0,1300.0,1300.0
262,Arabica,ipanema coffees,Brazil,capoeirinha,007/16E,dry mill,002/1660/0105,ipanema coffees,south of minas,Ipanema Agricola,320,60,Brazil Specialty Coffee Association,2016-01-01,2016-08-16,Bourbon,Natural / Dry,7.58,7.67,7.67,7.75,7.58,7.83,10.0,10.0,10.0,7.83,83.92,0.11,0,2.0,Green,7,2017-08-16,m,934.0,934.0,934.0
263,Arabica,"lin, che-hao krude 林哲豪",Taiwan,tsoustructive garden 鄒築園,Tsoustructive 2015 Typica,tsoustructive garden 鄒築園,Taiwan,taiwan coffee laboratory,"leye, alishan township, chiayi county 嘉義阿里山樂野村","FANG,ZHENG-LUN 方政倫",20,50,Specialty Coffee Association,2015-01-01,2016-05-18,Typica,Washed / Wet,7.83,7.75,7.83,7.75,7.83,7.75,9.33,10.0,10.0,7.83,83.92,0.11,0,0.0,Green,3,2017-05-18,m,1200.0,1200.0,1200.0
277,Arabica,"ceca, s.a.",Costa Rica,gamboa,8039,beneficio montañas del diamante,5-025-0249,"ceca,s.a.",tarrazu,Martin Gutierrez,275,69,Specialty Coffee Association of Costa Rica,2015-01-01,2016-06-06,Caturra,Washed / Wet,7.67,7.67,7.75,7.67,7.5,7.75,10.0,10.0,10.0,7.83,83.83,0.0,0,0.0,Blue-Green,0,2017-06-06,m,1850.0,1850.0,1850.0
278,Arabica,juan luis alvarado romero,Guatemala,finca medina,11/11711/60,beneficio siembras vision (154),11/11711/60,"siembras vision, s.a.",antigua,FINCA MEDINA,100,69,Asociacion Nacional Del Café,2016-01-01,,Bourbon,Washed / Wet,7.75,7.75,7.5,7.75,7.83,7.58,10.0,10.0,10.0,7.67,83.83,0.11,0,7.0,Green,6,,m,1500.0,1500.0,1500.0
297,Arabica,ipanema coffees,Brazil,fazenda capoeirnha,019/17,dry mill,002/1660/0079,ipanema coffees,south of minas,Ipanema Agricola S.A,320,60,Brazil Specialty Coffee Association,,2017-10-20,Bourbon,Natural / Dry,7.67,7.67,7.58,7.75,7.67,7.67,10.0,10.0,10.0,7.75,83.75,0.11,0,0.0,Green,5,2018-10-20,m,890.0,890.0,890.0
299,Arabica,"lin, che-hao krude 林哲豪",Taiwan,崁頭山咖啡館 (kan tou mountain coffee),2017台南市精品咖啡評鑑批次 Specialty Coffee Evaluation of Tainan 2017,崁頭山咖啡館 (kan tou mountain coffee),Taiwan,taiwan coffee laboratory,"台南市東山區 (dongshan dist., tainan city)",曾如楓 & 郭俊宏 (Tseng Ju Feng & Kuo Jun Hong),10,10,Specialty Coffee Association,2016-01-01,2017-06-06,Typica,Natural / Dry,7.67,7.67,7.58,7.58,7.67,7.83,10.0,10.0,10.0,7.75,83.75,0.0,0,0.0,Green,0,2018-06-06,m,750.0,750.0,750.0
315,Arabica,ipanema coffees,Brazil,fazenda capoeirnha,020/17,dry mill,002/1660/0080,ipanema coffees,south of minas,Ipanema Agricola S.A,320,60,Brazil Specialty Coffee Association,,2017-10-20,Bourbon,Natural / Dry,7.67,7.83,7.5,7.67,7.67,7.5,10.0,10.0,10.0,7.83,83.67,0.11,0,0.0,Green,2,2018-10-20,m,890.0,890.0,890.0
317,Arabica,bismarck castro,Honduras,los hicaques,103,cigrah s.a de c.v.,13 / 111 / 053,cigrah s.a de c.v,comayagua,Reinerio Zepeda,285,69,Instituto Hondureño del Café,2016-01-01,2017-05-11,Caturra,Washed / Wet,7.5,7.5,7.67,7.67,8.0,8.0,10.0,10.0,10.0,7.33,83.67,0.1,0,0.0,Green,2,2018-05-11,m,1400.0,1400.0,1400.0
318,Arabica,"comercial internacional exportadora, s.a.",Nicaragua,santa matilde,606118 / K1730101,dry mill,017/001/1412,"comercial internacional exportadora, s.a.",jinotega,RONALDO LACAYO CARDENAL,275,69,Instituto Hondureño del Café,2016-01-01,2017-05-11,Caturra,Washed / Wet,7.67,7.75,7.67,7.67,7.83,7.58,10.0,10.0,10.0,7.5,83.67,0.1,0,0.0,Green,3,2018-05-11,m,1250.0,1250.0,1250.0
319,Arabica,ipanema coffees,Brazil,capoeirinha,008/16A,dry mill,002/1660/0106,ipanema coffees,south of minas,Ipanema Agricola,320,60,Brazil Specialty Coffee Association,2016-01-01,2016-08-16,Bourbon,Natural / Dry,7.58,7.75,7.58,7.75,7.58,7.58,10.0,10.0,10.0,7.83,83.67,0.11,0,2.0,Green,3,2017-08-16,m,934.0,934.0,934.0
320,Arabica,"lin, che-hao krude 林哲豪",Taiwan,tsoustructive garden 鄒築園,Tsoustructive 2015 Caturra,tsoustructive garden 鄒築園,Taiwan,taiwan coffee laboratory,"leye, alishan township, chiayi county","FANG,ZHENG-LUN 方政倫",20,50,Specialty Coffee Association,2015-01-01,2016-05-18,Caturra,Natural / Dry,7.5,7.67,7.33,7.92,7.83,7.67,10.0,10.0,10.0,7.75,83.67,0.1,0,0.0,Bluish-Green,0,2017-05-18,m,1200.0,1200.0,1200.0
336,Arabica,ipanema coffees,Brazil,fazenda capoeirnha,020/17,dry mill,002/1660/0080,ipanema coffees,south of minas,Ipanema Agricola S.A,320,60,Brazil Specialty Coffee Association,,2017-10-20,Bourbon,Natural / Dry,7.58,7.67,7.58,7.58,7.67,7.58,10.0,10.0,10.0,7.92,83.58,0.11,0,0.0,Green,5,2018-10-20,m,890.0,890.0,890.0
337,Arabica,juan luis alvarado romero,Guatemala,finca santa clara,11/52/1170,beneficio exportacafe agua santa,11/52/1170,exportcafe,huehuetenango,JUAN RAMIREZ MORALES,275,69,Asociacion Nacional Del Café,2016-01-01,2016-07-05,Caturra,Washed / Wet,7.75,7.75,7.5,7.83,7.58,7.58,10.0,10.0,10.0,7.58,83.58,0.11,0,1.0,Green,0,2017-07-05,ft,1128.3696,1128.3696,1128.3696
356,Arabica,juan luis alvarado romero,Guatemala,la esperanza,11/23/0145,beneficio ixchel,11/23/0145,"unex guatemala, s.a.",oriente,MARGARITA AVILA DE NUYENS,250,69,Asociacion Nacional Del Café,2016-01-01,2016-03-16,Bourbon,Washed / Wet,7.67,7.75,7.5,7.83,7.58,7.58,10.0,10.0,10.0,7.58,83.5,0.1,0,2.0,Bluish-Green,5,2017-03-16,ft,1219.2,1219.2,1219.2
377,Arabica,juan luis alvarado romero,Guatemala,piamonte,11/23/0696,beneficio ixchel,11/23/0696,"unex guatemala, s.a.",san marcos,JORGE LEAL,50,69,Asociacion Nacional Del Café,2017-01-01,,Bourbon,Washed / Wet,7.67,7.75,7.5,7.58,7.58,7.67,10.0,10.0,10.0,7.67,83.42,0.1,0,0.0,Green,3,,m,1700.0,1700.0,1700.0
379,Arabica,"ceca, s.a.",Costa Rica,gamboa,8885,beneficio montañas del diamante,5-025-0032,"ceca,s.a.",tarrazu,Martin Gutierrez,275,69,Specialty Coffee Association of Costa Rica,2016-01-01,2017-02-17,Caturra,Washed / Wet,7.58,7.5,7.42,7.92,7.5,7.67,10.0,10.0,10.0,7.83,83.42,0.09,0,0.0,Blue-Green,4,2018-02-17,m,1850.0,1850.0,1850.0
381,Arabica,bugisu cooperative union,Uganda,bulago & buginyanya,5055,bcu,7697,bugisu cooperative union,eastern,Bulago & Buginyanya,20,1218,Uganda Coffee Development Authority,2015-01-01,,SL14,Washed / Wet,7.58,7.75,7.33,7.75,7.67,7.58,10.0,10.0,10.0,7.75,83.42,0.11,0,0.0,Green,1,,m,1800.0,1800.0,1800.0
420,Arabica,juan luis alvarado romero,Guatemala,linda vista,11-973-152,linda vista,11/973/152,mercon guatemala s.a.,nuevo oriente,PABLO CHUY,275,0,Asociacion Nacional Del Café,2016-01-01,2016-08-12,Pacas,Washed / Wet,7.5,7.58,7.42,7.83,7.67,7.58,10.0,10.0,10.0,7.67,83.25,0.11,0,2.0,Green,7,2017-08-12,m,2100.0,2100.0,2100.0
441,Arabica,ipanema coffees,Brazil,fazenda capoeirnha,019/17,dry mill,002/1660/0079,ipanema coffees,south of minas,Ipanema Agricola S.A,320,60,Brazil Specialty Coffee Association,,2017-10-20,Bourbon,Natural / Dry,7.67,7.42,7.5,7.58,7.67,7.58,10.0,10.0,10.0,7.75,83.17,0.11,0,0.0,Green,4,2018-10-20,m,890.0,890.0,890.0
442,Arabica,juan luis alvarado romero,Guatemala,beneficio el torreon,11/23/0673,beneficio ixchel,11/23/0673,"unex guatemala, s.a.",oriente,AGROINDUSTRIAS CAFETALERAS,275,69,Asociacion Nacional Del Café,2017-01-01,2017-08-24,Bourbon,Washed / Wet,7.58,7.58,7.33,7.67,7.75,7.58,10.0,10.0,10.0,7.67,83.17,0.1,0,0.0,Green,1,2018-08-24,m,1901.0,1901.0,1901.0
443,Arabica,taylor winch (t) ltd,"Tanzania, United Republic Of",mamsera,AA,rafiki (coffee) limited,033/0004,volcafe/taylorwinch tanzania ltd,moshi,Mamsera,320,60,Tanzanian Coffee Board,2016-01-01,2017-06-20,Bourbon,Washed / Wet,7.67,7.58,7.42,7.67,7.67,7.58,10.0,10.0,10.0,7.58,83.17,0.12,0,0.0,Green,3,2018-06-20,m,168.0,168.0,168.0
446,Arabica,juan luis alvarado romero,Guatemala,finca medina,11/11711/58,beneficio siembras vision (154),11/11711/58,"siembras vision, s.a.",antigua,FINCA MEDINA,250,1500,Asociacion Nacional Del Café,2016-01-01,,Caturra,Washed / Wet,7.67,7.75,7.42,7.75,7.58,7.5,10.0,10.0,10.0,7.5,83.17,0.11,2,2.0,Green,3,,m,1500.0,1500.0,1500.0
447,Arabica,cadexsa,Honduras,bethel,427,dry mill,13-63-214,cadexsa,marcala,JOSE OMAR ACOSTA,275,69,Instituto Hondureño del Café,2016-01-01,,Catuai,Washed / Wet,7.67,7.67,7.5,7.67,7.5,7.67,10.0,10.0,10.0,7.5,83.17,0.11,0,1.0,Blue-Green,1,,m,1450.0,1450.0,1450.0
450,Arabica,consejo salvadoreño del café,El Salvador,agua caliente,1,agua caliente,9-392-68,consejo salvadoreño del café,apaneca,Ecom Agroindustrial Corp. Ltd.,275,69,Salvadoran Coffee Council,2016-01-01,2016-03-29,Bourbon,Washed / Wet,7.5,7.5,7.33,7.67,8.0,7.67,10.0,10.0,10.0,7.5,83.17,0.0,0,0.0,Green,0,2017-03-29,m,1350.0,1350.0,1350.0
481,Arabica,ipanema coffees,Brazil,capoeirinha,261/15,dry mill,002/1660/0049,ipanema coffees,south of minas,Ipanema Agricola,320,60,Brazil Specialty Coffee Association,2015-01-01,2016-04-25,Yellow Bourbon,Pulped natural / honey,7.58,7.58,7.58,7.5,7.67,7.58,10.0,10.0,10.0,7.58,83.08,0.11,0,2.0,Bluish-Green,2,2017-04-25,m,905.0,905.0,905.0
497,Arabica,ipanema coffees,Brazil,fazenda capoeirnha,020/17,dry mill,002/1660/0080,ipanema coffees,south of minas,Ipanema Agricola S.A,320,60,Brazil Specialty Coffee Association,,2017-10-20,Bourbon,Natural / Dry,7.58,7.5,7.5,7.75,7.67,7.5,10.0,10.0,10.0,7.5,83.0,0.0,0,0.0,Green,4,2018-10-20,m,890.0,890.0,890.0
498,Arabica,ipanema coffees,Brazil,fazenda capoeirnha,007/16A,dry mill,002/1660/0105,ipanema coffees,south of minas,Ipanema Agricola,320,60,Brazil Specialty Coffee Association,2016-01-01,2016-08-16,Bourbon,Natural / Dry,7.5,7.58,7.58,7.67,7.58,7.5,10.0,10.0,10.0,7.58,83.0,0.11,0,3.0,Green,5,2017-08-16,m,894.0,894.0,894.0
499,Arabica,ipanema coffees,Brazil,capoeirinha,007/16F,dry mill,002/1660/0105,ipanema coffees,south of minas,Ipanema Agricola,320,60,Brazil Specialty Coffee Association,2016-01-01,2016-08-16,Bourbon,Natural / Dry,7.5,7.67,7.58,7.67,7.58,7.42,10.0,10.0,10.0,7.58,83.0,0.11,0,2.0,Bluish-Green,3,2017-08-16,m,872.0,872.0,872.0
500,Arabica,ucfa,Uganda,isule farmers group,201501,ibero,C201501,ucfa,"kasese, mt. rwenzori",Xavier Baluku,310,60,Uganda Coffee Development Authority,2015-01-01,2016-07-18,Bourbon,Washed / Wet,7.67,7.58,7.42,7.42,7.83,7.5,10.0,10.0,10.0,7.58,83.0,0.12,0,0.0,Green,6,2017-07-18,m,1473.0,1473.0,1473.0
501,Arabica,ucfa,Uganda,ibanda farmers group,201502,ibero,C201502,ucfa,"kasese, mt. rwenzori",Emmanuel Munaaba,325,60,Uganda Coffee Development Authority,2015-01-01,2016-07-18,Bourbon,Natural / Dry,7.67,7.67,7.5,7.58,7.42,7.5,10.0,10.0,10.0,7.67,83.0,0.12,0,5.0,Green,8,2017-07-18,m,1645.0,1645.0,1645.0
534,Arabica,ipanema coffees,Brazil,fazenda capoeirnha,020/17,dry mill,002/1660/0080,ipanema coffees,south of minas,Ipanema Agricola S.A,320,60,Brazil Specialty Coffee Association,,2017-10-20,Bourbon,Natural / Dry,7.67,7.58,7.5,7.58,7.58,7.5,10.0,10.0,10.0,7.5,82.92,0.0,0,0.0,Green,0,2018-10-20,m,890.0,890.0,890.0
535,Arabica,consejo salvadoreño del café,El Salvador,santa josefita,1-198,beneficio cuzcachapa,09-030-273,soc. coop. cuzcachapa de r.l.,apaneca,"Balcanes Coffee Estates, S.A. de C.V.",100,69,Salvadoran Coffee Council,2017-01-01,2017-08-28,Bourbon,Washed / Wet,7.5,7.5,7.75,7.58,7.92,7.83,10.0,10.0,9.33,7.5,82.92,0.0,0,0.0,Green,1,2018-08-28,m,1350.0,1350.0,1350.0
537,Arabica,"lin, che-hao krude 林哲豪",Taiwan,shi fang yuan 十方源,2016 Tainan Coffee Cupping Event Micro Lot 臺南市咖啡評鑑批次,shi fang yuan 十方源,Taiwan,taiwan coffee laboratory,"dongshan dist., tainan city 臺南市東山區",Wang Chao Yung 王超永,10,20,Specialty Coffee Association,2016-01-01,2016-06-28,Caturra,Natural / Dry,7.17,7.83,7.25,7.67,7.67,7.58,10.0,10.0,10.0,7.75,82.92,0.09,31,0.0,Green,0,2017-06-28,m,350.0,350.0,350.0
561,Arabica,juan luis alvarado romero,Guatemala,piamonte,11/23/0513,beneficio ixchel,11/23/0513,"unex guatemala, s.a.",san marcos,JORGE LEAL,50,69,Asociacion Nacional Del Café,2017-01-01,,Bourbon,Washed / Wet,7.5,7.58,7.33,7.67,7.58,7.58,10.0,10.0,10.0,7.58,82.83,0.11,1,1.0,Green,2,,m,1700.0,1700.0,1700.0
562,Arabica,ipanema coffees,Brazil,capoeirinha,259/15,dry mill,002/1660/0047,ipanema coffees,south of minas,Ipanema Agricola,320,60,Brazil Specialty Coffee Association,2015-01-01,2017-02-06,Yellow Bourbon,Pulped natural / honey,7.67,7.58,7.58,7.5,7.5,7.42,10.0,10.0,10.0,7.58,82.83,0.11,0,2.0,Bluish-Green,2,2018-02-06,m,905.0,905.0,905.0
563,Arabica,consejo salvadoreño del café,El Salvador,el barbaro,1,santa adelaida,09-0488-1,consejo salvadoreño del café,"el balsamo, quezaltepec","El Barbaro, S.A. de C.V.",275,69,Salvadoran Coffee Council,2016-01-01,2016-04-08,Pacas,Washed / Wet,7.33,7.67,7.67,7.83,7.33,7.67,10.0,10.0,10.0,7.33,82.83,0.0,0,0.0,Green,4,2017-04-08,m,1250.0,1250.0,1250.0
580,Arabica,juan luis alvarado romero,Guatemala,linda vista,11-973-276,linda vista,11-973-276,mercon guatemala s.a.,santa rosa,PABLO ARTURO CHUY FLORES,275,69,Asociacion Nacional Del Café,2017-01-01,2017-10-17,Caturra,Washed / Wet,7.58,7.67,7.5,7.58,7.5,7.42,10.0,10.0,10.0,7.5,82.75,0.11,0,0.0,Green,8,2018-10-17,m,1800.0,1800.0,1800.0
581,Arabica,juan luis alvarado romero,Guatemala,las merceditas,11/23/0693,beneficio ixchel,11/23/0693,"unex guatemala, s.a.",san marcos,ANGEL DE LEON,50,69,Asociacion Nacional Del Café,2017-01-01,2017-09-19,Bourbon,Washed / Wet,7.5,7.67,7.17,7.67,7.67,7.58,10.0,10.0,10.0,7.5,82.75,0.11,0,0.0,Green,4,2018-09-19,m,1700.0,1700.0,1700.0
582,Arabica,juan luis alvarado romero,Guatemala,las delicias,11/23/0632,beneficio ixchel,11/23/0632,"unex guatemala, s.a.",santa rosa,OTTO BECKER,50,69,Asociacion Nacional Del Café,2017-01-01,2017-09-08,Bourbon,Washed / Wet,7.5,7.5,7.42,7.58,7.67,7.5,10.0,10.0,10.0,7.58,82.75,0.1,0,0.0,Green,1,2018-09-08,ft,1219.2,1219.2,1219.2
583,Arabica,juan luis alvarado romero,Guatemala,la esmeralda,11/23/0690,beneficio ixchel,11/23/0690,"unex guatemala, s.a.",oriente,JESUS RAMIREZ,25,69,Asociacion Nacional Del Café,2017-01-01,,Bourbon,Washed / Wet,7.42,7.58,7.42,7.67,7.5,7.5,10.0,10.0,10.0,7.67,82.75,0.1,0,0.0,Green,1,,ft,1219.2,1219.2,1219.2
585,Arabica,juan luis alvarado romero,Guatemala,la esmeralda,11/23/0369,beneficio ixchel,11/23/0369,"unex guatemala, s.a.",el progreso,JESUS RAMIREZ,25,69,Asociacion Nacional Del Café,2017-01-01,,Bourbon,Washed / Wet,7.58,7.58,7.33,7.58,7.33,7.67,10.0,10.0,10.0,7.67,82.75,0.12,0,0.0,Green,0,,ft,157.8864,157.8864,157.8864
586,Arabica,"lin, che-hao krude 林哲豪",Taiwan,大鋤花間 (hoe vs. flower coffee farm),2017台南市精品咖啡評鑑批次 Specialty Coffee Evaluation of Tainan 2017 lot.20161220,大鋤花間 (hoe vs. flower coffee farm),Taiwan,taiwan coffee laboratory,"台南市東山區( dongshan dist., tainan city)","林俊吉( Lin, Chun-Chi)",8,10,Specialty Coffee Association,2016-01-01,,Yellow Bourbon,Natural / Dry,7.83,7.67,7.33,7.67,7.58,7.67,9.33,10.0,10.0,7.67,82.75,0.0,0,0.0,Green,0,,m,650.0,650.0,650.0
588,Arabica,"ceca, s.a.",Costa Rica,gamboa,8866-2,beneficio montañas del diamante,5-025-0109,"ceca,s.a.",tarrazu,Martin Gutierrez,250,69,Specialty Coffee Association of Costa Rica,2016-01-01,2017-04-28,Caturra,Washed / Wet,7.58,7.5,7.42,7.67,7.42,7.5,10.0,10.0,10.0,7.67,82.75,0.09,0,0.0,Bluish-Green,1,2018-04-28,m,1850.0,1850.0,1850.0
589,Arabica,bismarck castro,Honduras,los hicaques,103,cigrah s.a de c.v.,13-111-053,cigrah s.a de c.v,comayagua,Reinerio Zepeda,275,69,Instituto Hondureño del Café,2017-01-01,2017-04-06,Caturra,Natural / Dry,7.58,7.5,7.42,7.58,7.5,7.5,10.0,10.0,10.0,7.67,82.75,0.09,0,1.0,Green,6,2018-04-06,m,1400.0,1400.0,1400.0
590,Arabica,ipanema coffees,Brazil,capoeirinha,260/15,dry mill,002/1660/0048,ipanema coffees,south of minas,Ipanema Agricola,320,60,Brazil Specialty Coffee Association,2015-01-01,2016-04-25,Yellow Bourbon,Pulped natural / honey,7.5,7.5,7.58,7.5,7.58,7.58,10.0,10.0,10.0,7.5,82.75,0.11,0,2.0,Bluish-Green,1,2017-04-25,m,905.0,905.0,905.0
592,Arabica,yunnan coffee exchange,China,pu'er lingdu yunlin coffee co.ltd,YNC-16014,pu'er lingdu yunlin coffee co.ltd mill,5300343627999,yunnan coffee exchange,menglian,Pu'er Lingdu Yunlin Coffee Co.LTD,3,60,Yunnan Coffee Exchange,2015-01-01,2016-04-05,Catimor,Washed / Wet,7.5,7.67,7.42,7.67,7.5,7.5,10.0,10.0,10.0,7.5,82.75,0.11,0,0.0,Green,2,2017-04-05,m,1500.0,1500.0,1500.0
608,Arabica,ipanema coffees,Brazil,capoeirinha,019/17,dry mill,002/1660/0079,ipanema coffees,south of minas,Ipanema Agricola S.A,320,60,Brazil Specialty Coffee Association,,2017-10-20,Bourbon,Natural / Dry,7.5,7.58,7.25,7.75,7.58,7.5,10.0,10.0,10.0,7.5,82.67,0.0,0,0.0,Green,4,2018-10-20,m,890.0,890.0,890.0
609,Arabica,ipanema coffees,Brazil,capoeirinha,007/16D,dry mill,002/1660/0105,ipanema coffees,south of minas,Ipanema Agricola,320,60,Brazil Specialty Coffee Association,2016-01-01,2016-08-16,Bourbon,Natural / Dry,7.5,7.58,7.5,7.67,7.5,7.42,10.0,10.0,10.0,7.5,82.67,0.11,0,2.0,Bluish-Green,3,2017-08-16,m,934.0,934.0,934.0
611,Arabica,consejo salvadoreño del café,El Salvador,el barbaro,1,santa adelaida,09-0488-001,consejo salvadoreño del café,"el balsamo, quezaltepec","El Barbaro, S.A. de C.V.",275,69,Salvadoran Coffee Council,2016-01-01,2016-03-29,Pacas,Washed / Wet,7.67,7.67,7.67,7.67,7.5,7.67,10.0,10.0,9.33,7.5,82.67,0.0,0,0.0,Green,7,2017-03-29,m,1200.0,1200.0,1200.0
634,Arabica,juan luis alvarado romero,Guatemala,la esmeralda,11/23/0634,beneficio ixchel,11/23/0634,"unex guatemala, s.a.",oriente,JESUS RAMIREZ,25,69,Asociacion Nacional Del Café,2017-01-01,2017-09-08,Bourbon,Washed / Wet,7.5,7.42,7.42,7.75,7.5,7.5,10.0,10.0,10.0,7.5,82.58,0.1,0,1.0,Green,2,2018-09-08,ft,1219.2,1219.2,1219.2
635,Arabica,"lin, che-hao krude 林哲豪",Taiwan,林園咖啡 lin yuan coffee,2017南投咖啡評鑑 NANTOU COFFEE EVALUATION EVENT 2017,林園咖啡 lin yuan coffee,Taiwan,taiwan coffee laboratory,國姓鄉 guoshing township,林文弘 Lin Wen Hong,6,5,Specialty Coffee Association,2016-01-01,,Typica,Pulped natural / honey,7.67,7.42,7.5,7.42,7.58,7.5,10.0,10.0,10.0,7.5,82.58,0.11,0,5.0,Green,0,,m,1050.0,1050.0,1050.0
654,Arabica,ipanema coffees,Brazil,fazenda capoeirnha,020/17,dry mill,002/1660/0080,ipanema coffees,south of minas,Ipanema Agricola S.A,320,60,Brazil Specialty Coffee Association,,2017-10-20,Bourbon,Natural / Dry,7.5,7.5,7.5,7.5,7.58,7.5,10.0,10.0,10.0,7.42,82.5,0.11,0,0.0,Green,4,2018-10-20,m,890.0,890.0,890.0
656,Arabica,elsy reyes,Honduras,las cuchillas,165,cigrah s.a de c.v.,13-111-097,cigrah,comayagua,Nahun Maldonado,275,69,Instituto Hondureño del Café,2017-01-01,,Caturra,Washed / Wet,7.58,7.58,7.33,7.5,7.5,7.5,10.0,10.0,10.0,7.5,82.5,0.1,0,0.0,Green,4,,m,1400.0,1400.0,1400.0
657,Arabica,juan luis alvarado romero,Guatemala,la esperanza,11/23/0146,beneficio ixchel,11/23/0146,"unex guatemala, s.a.",oriente,MARGARITA AVILA DE NUYENS,50,69,Asociacion Nacional Del Café,2016-01-01,2016-03-16,Bourbon,Washed / Wet,7.5,7.5,7.33,7.5,7.67,7.5,10.0,10.0,10.0,7.5,82.5,0.1,0,2.0,Green,2,2017-03-16,ft,1219.2,1219.2,1219.2
676,Arabica,juan luis alvarado romero,Guatemala,piamonte,11/23/0639,beneficio ixchel,11/23/0639,"unex guatemala, s.a.",san marcos,JORGE LEAL,50,69,Asociacion Nacional Del Café,2017-01-01,2017-09-08,Bourbon,Washed / Wet,7.58,7.5,7.33,7.75,7.33,7.5,10.0,10.0,10.0,7.42,82.42,0.1,0,1.0,Green,2,2018-09-08,m,1700.0,1700.0,1700.0
677,Arabica,juan luis alvarado romero,Guatemala,las merceditas,11/23/0366,beneficio ixchel,11/23/0366,"unex guatemala, s.a.",san marcos,ANGEL DE LEON,50,69,Asociacion Nacional Del Café,2016-01-01,,Bourbon,Washed / Wet,7.67,7.58,7.25,7.67,7.42,7.33,10.0,10.0,10.0,7.5,82.42,0.12,0,0.0,Green,0,,m,1700.0,1700.0,1700.0
678,Arabica,juan luis alvarado romero,Guatemala,la esmeralda,11/23/0400,beneficio ixchel,11/23/0400,"unex guatemala, s.a.",el progreso,JESUS RAMIREZ,20,69,Asociacion Nacional Del Café,2017-01-01,,Bourbon,Washed / Wet,7.58,7.5,7.25,7.67,7.5,7.5,10.0,10.0,10.0,7.42,82.42,0.12,0,0.0,Green,0,,ft,157.8864,157.8864,157.8864
706,Arabica,bismarck castro,Honduras,los hicaques,63,cigrah s.a de c.v.,13-111-022,cigrah s.a de c.v,comayagua,Reinerio Zepeda,275,69,Instituto Hondureño del Café,2017-01-01,2017-04-06,Caturra,Washed / Wet,7.5,7.58,7.33,7.5,7.42,7.42,10.0,10.0,10.0,7.58,82.33,0.1,0,1.0,Green,8,2018-04-06,m,1396.0,1396.0,1396.0
709,Arabica,ipanema coffees,Brazil,capoeirinha,008/16B,dry mill,002/1660/0106,ipanema coffees,south of minas,Ipanema Agricola,320,60,Brazil Specialty Coffee Association,2016-01-01,2016-08-16,Bourbon,Natural / Dry,7.5,7.5,7.42,7.5,7.42,7.5,10.0,10.0,10.0,7.5,82.33,0.11,0,2.0,Bluish-Green,3,2017-08-16,m,934.0,934.0,934.0
710,Arabica,"ceca, s.a.",Costa Rica,gamboa,8270,beneficio montañas del diamante,5-025-0294,"ceca,s.a.",tarrazu,Martin Gutierrez,100,69,Specialty Coffee Association of Costa Rica,2015-01-01,2016-07-15,Caturra,Washed / Wet,7.75,7.5,7.25,7.25,7.42,7.67,10.0,10.0,10.0,7.5,82.33,0.1,6,1.0,Bluish-Green,3,2017-07-15,m,1850.0,1850.0,1850.0
711,Arabica,rodrigo soto,Costa Rica,rio jorco,Tarrazu,rio jorco,5/423/0127,panamerican coffee trading,tarrazu,Johanna,130,69,Specialty Coffee Association of Costa Rica,2015-01-01,2016-05-17,Catuai,Washed / Wet,7.75,7.33,7.5,7.5,7.33,7.58,10.0,10.0,10.0,7.33,82.33,0.0,0,2.0,Green,0,2017-05-17,m,1550.0,1550.0,1550.0
737,Arabica,juan luis alvarado romero,Guatemala,linda vista,11/973/158,beneficio humedo,11/973/158,mercon guatemala s.a.,nuevo oriente,PABLO CHUY,275,69,Asociacion Nacional Del Café,2016-01-01,,Pacas,Washed / Wet,7.67,7.5,7.25,7.67,7.42,7.42,10.0,10.0,10.0,7.33,82.25,0.11,0,2.0,Green,2,,m,1450.0,1450.0,1450.0
757,Arabica,ipanema coffees,Brazil,fazenda capoeirnha,007/16C,dry mill,002/1660/0105,ipanema coffees,south of minas,Ipanema Agricola,320,60,Brazil Specialty Coffee Association,2016-01-01,2016-08-16,Bourbon,Natural / Dry,7.42,7.42,7.5,7.42,7.42,7.5,10.0,10.0,10.0,7.5,82.17,0.11,0,1.0,Green,5,2017-08-16,m,934.0,934.0,934.0
758,Arabica,bismarck castro,Honduras,las cuchillas,118,dry mill,13-111-054,cigrah s.a de c.v,comayagua,Nahun Maldonado,200,69,Instituto Hondureño del Café,2015-01-01,2016-06-09,Caturra,Washed / Wet,7.5,7.5,7.17,7.42,7.5,7.5,10.0,10.0,10.0,7.58,82.17,0.11,0,1.0,Bluish-Green,2,2017-06-09,m,1500.0,1500.0,1500.0
780,Arabica,ipanema coffees,Brazil,fazenda capoeirnha,007/16B,dry mill,002/1660/0105,ipanema coffees,south of minas,Ipanema Agricola,320,60,Brazil Specialty Coffee Association,2016-01-01,2016-08-16,Bourbon,Natural / Dry,7.42,7.58,7.42,7.5,7.42,7.25,10.0,10.0,10.0,7.5,82.08,0.11,0,1.0,Green,3,2017-08-16,m,894.0,894.0,894.0
795,Arabica,bismarck castro,Honduras,las moras,47,cigrah s.a de c.v.,13-111-024,cigrah s.a de c.v,el paraíso,Santos Fonseca,275,69,Instituto Hondureño del Café,2017-01-01,,Caturra,Washed / Wet,7.5,7.5,7.17,7.5,7.5,7.42,10.0,10.0,10.0,7.42,82.0,0.12,0,0.0,Green,1,,m,1600.0,1600.0,1600.0
796,Arabica,bismarck castro,Honduras,las moras,47,cigrah s.a de c.v.,13-111-024,cigrah s.a de c.v,guinope el paraíso,Santos Fonseca,275,69,Instituto Hondureño del Café,2016-01-01,2017-04-06,Caturra,Natural / Dry,7.5,7.5,7.25,7.33,7.42,7.5,10.0,10.0,10.0,7.5,82.0,0.1,0,1.0,Green,7,2018-04-06,m,1600.0,1600.0,1600.0
797,Arabica,ipanema coffees,Brazil,capoeirinha,007/16G,dry mill,002/1660/0105,ipanema coffees,south of minas,Ipanema Agricola,230,60,Brazil Specialty Coffee Association,2016-01-01,2016-08-16,Bourbon,Natural / Dry,7.5,7.33,7.42,7.5,7.33,7.42,10.0,10.0,10.0,7.5,82.0,0.11,0,2.0,Green,3,2017-08-16,m,944.0,944.0,944.0
816,Arabica,juan luis alvarado romero,Guatemala,la esperanza,11/23/0633,beneficio ixchel,11/23/0633,"unex guatemala, s.a.",oriente,"AGRICOLA EL PILAR, S.A.",25,69,Asociacion Nacional Del Café,2017-01-01,,Bourbon,Washed / Wet,7.58,7.5,7.25,7.58,7.58,7.5,9.33,10.0,10.0,7.58,81.92,0.1,0,0.0,Green,1,,m,1901.0,1901.0,1901.0
817,Arabica,juan luis alvarado romero,Guatemala,las delicias,11/23/0515,beneficio ixchel,11/23/0515,"unex guatemala, s.a.",santa rosa,OTTO BECKER,50,69,Asociacion Nacional Del Café,2017-01-01,,Bourbon,Washed / Wet,7.5,7.5,7.25,7.42,7.42,7.42,10.0,10.0,10.0,7.42,81.92,0.11,0,2.0,Green,0,,ft,1219.2,1219.2,1219.2
818,Arabica,bismarck castro,Honduras,los hicaques,63,cigrah s.a de c.v.,13-111-022,cigrah s.a de c.v,comayagua,Reinerio Zepeda,274,67,Instituto Hondureño del Café,2017-01-01,,Caturra,Washed / Wet,7.58,7.5,7.25,7.33,7.42,7.5,10.0,10.0,10.0,7.33,81.92,0.12,0,0.0,Green,1,,m,1400.0,1400.0,1400.0
819,Arabica,gabriel barbara,Brazil,santa bárbara,2016/0002,copag,02 / 143-0 / 0044,volcafe ltda.,monte carmelo,Múcio Cardoso,305,59,Brazil Specialty Coffee Association,,2016-10-26,Catuai,Natural / Dry,7.42,7.33,7.33,7.5,7.5,7.33,10.0,10.0,10.0,7.5,81.92,0.11,0,0.0,Green,4,2017-10-26,m,1020.0,1020.0,1020.0
834,Arabica,juan luis alvarado romero,Guatemala,la esmeralda,11/23/0634,beneficio ixchel,11/23/0634,"unex guatemala, s.a.",oriente,JESUS RAMIREZ,25,69,Asociacion Nacional Del Café,2017-01-01,,Bourbon,Washed / Wet,7.42,7.5,7.25,7.5,7.33,7.42,10.0,10.0,10.0,7.42,81.83,0.1,1,0.0,Green,1,,ft,157.8864,157.8864,157.8864
836,Arabica,gabriel barbara,Brazil,helena,2017/001,copag,02/0143-0/0292,volcafe ltda.,monte carmelo,Helena Pingnatti Ricci,200,59,Brazil Specialty Coffee Association,2016-01-01,2017-01-20,Mundo Novo,Natural / Dry,7.42,7.5,7.42,7.5,7.42,7.25,10.0,10.0,10.0,7.33,81.83,0.11,0,1.0,Green,3,2018-01-20,m,973.0,973.0,973.0
837,Arabica,aulia arif syahri,Indonesia,mudar,BALI INTEN DEWATA,pt. olam indonesia,015/1969/008,pt. olam indonesia,bali,MUDAR,166,30,Specialty Coffee Association,2015-01-01,2017-01-19,Other,Other,7.75,7.83,7.58,7.75,7.92,7.83,10.0,10.0,10.0,5.17,81.83,0.11,0,1.0,Green,0,2018-01-19,m,1250.0,1250.0,1250.0
838,Arabica,juan luis alvarado romero,Guatemala,chapultepec,11/23/0507,beneficio ixchel,11/23/0507,"unex guatemala, s.a.",norte,CHAPULTEPEC,130,69,Asociacion Nacional Del Café,2015-01-01,,Bourbon,Washed / Wet,7.58,7.5,7.33,7.42,7.58,7.25,10.0,10.0,10.0,7.17,81.83,0.1,2,0.0,Green,6,,m,3280.0,3280.0,3280.0
860,Arabica,juan luis alvarado romero,Guatemala,las merceditas,11/23/0514,beneficio ixchel,11/23/0514,"unex guatemala, s.a.",san marcos,ANGEL DE LEON,50,69,Asociacion Nacional Del Café,2017-01-01,,Bourbon,Washed / Wet,7.5,7.5,7.25,7.42,7.42,7.33,10.0,10.0,10.0,7.33,81.75,0.11,0,1.0,Green,1,,m,1700.0,1700.0,1700.0
871,Arabica,ipanema coffees,Brazil,fazenda capoeirnha,019/17,dry mill,002/1660/0079,ipanema coffees,south of minas,Ipanema Agricola S.A,320,60,Brazil Specialty Coffee Association,,2017-10-20,Bourbon,Natural / Dry,7.42,7.5,7.25,7.5,7.5,7.25,10.0,10.0,10.0,7.25,81.67,0.11,0,0.0,Green,5,2018-10-20,m,890.0,890.0,890.0
872,Arabica,juan luis alvarado romero,Guatemala,las merceditas,11/23/0640,beneficio ixchel,11/23/0640,"unex guatemala, s.a.",san marcos,ANGEL DE LEON,50,69,Asociacion Nacional Del Café,2017-01-01,,Bourbon,Washed / Wet,7.42,7.42,7.08,7.42,7.33,7.42,10.0,10.0,10.0,7.58,81.67,0.1,0,0.0,Green,1,,m,1700.0,1700.0,1700.0
873,Arabica,juan luis alvarado romero,Guatemala,la esmeralda,11/23/0701,beneficio ixchel,11/23/0701,"unex guatemala, s.a.",santa rosa,JESUS RAMIREZ,80,69,Asociacion Nacional Del Café,2017-01-01,2017-06-05,Bourbon,Washed / Wet,7.42,7.33,7.17,7.67,7.33,7.42,10.0,10.0,10.0,7.33,81.67,0.12,0,1.0,Green,3,2018-06-05,ft,1219.2,1219.2,1219.2
874,Arabica,cadexsa,Honduras,bethel,340,dry mill,13-63-174,cadexsa,marcala,JOSE OMAR ACOSTA,275,69,Instituto Hondureño del Café,2016-01-01,,Catuai,Washed / Wet,7.58,7.5,7.33,7.33,7.42,7.25,10.0,10.0,10.0,7.25,81.67,0.11,0,0.0,Blue-Green,2,,m,1450.0,1450.0,1450.0
897,Arabica,juan luis alvarado romero,Guatemala,la esperanza,11/23/0368,beneficio ixchel,11/23/0368,"unex guatemala, s.a.",huehuetenango,"AGRICOLA EL PILAR, SA.",25,69,Asociacion Nacional Del Café,2017-01-01,,Bourbon,Washed / Wet,7.42,7.42,7.08,7.5,7.42,7.33,10.0,10.0,10.0,7.42,81.58,0.12,0,0.0,Green,0,,m,190164.0,190164.0,190164.0
898,Arabica,"lin, che-hao krude 林哲豪",Taiwan,baishengcun coffee 百勝村咖啡莊園,2016 Washed,baishengcun coffee 百勝村咖啡莊園,Taiwan,taiwan coffee laboratory,natou county,蘇晉寬 Su Jin Kuan,20,50,Specialty Coffee Association,2016-01-01,2016-07-15,Typica,Washed / Wet,7.42,7.42,7.25,7.67,7.33,7.25,10.0,10.0,10.0,7.25,81.58,0.1,0,0.0,Blue-Green,0,2017-07-15,m,800.0,800.0,800.0
911,Arabica,juan luis alvarado romero,Guatemala,las delicias,11/23/0688,beneficio ixchel,11/23/0688,"unex guatemala, s.a.",santa rosa,OTTO BECKER,50,69,Asociacion Nacional Del Café,2017-01-01,,Bourbon,Washed / Wet,7.67,7.58,7.17,7.42,7.33,7.42,9.33,10.0,10.0,7.58,81.5,0.1,0,0.0,Green,0,,ft,1219.2,1219.2,1219.2
912,Arabica,"exportadora atlantic, s.a.",Nicaragua,finca las marías,017-053-0211 / 017-053-0212,beneficio atlantic condega,017-053-0211 / 017-053-0212,exportadora atlantic s.a,jalapa,Teófilo Narváez :,550,69,Instituto Hondureño del Café,2017-01-01,2017-06-20,Caturra,Other,7.5,7.42,7.33,7.33,7.25,7.33,10.0,10.0,10.0,7.33,81.5,0.11,0,0.0,Green,3,2018-06-20,m,1100.0,1100.0,1100.0
913,Arabica,elsy reyes,Honduras,las cuchillas,98,cigrah,13-111-083,cigrah,comayagua,NAHUN MALDONADO,275,69,Instituto Hondureño del Café,2017-01-01,,Caturra,Washed / Wet,7.5,7.5,7.33,7.42,7.17,7.25,10.0,10.0,10.0,7.33,81.5,0.1,0,0.0,Green,5,,m,1400.0,1400.0,1400.0
936,Arabica,juan luis alvarado romero,Guatemala,nueva granada,11/326/14,beneficio nueva granada,11/326/14,"agricola nueva granada, s.a.",san marcos,"AGRICOLA NUEVA GRANADA, S.A.",450,69,Asociacion Nacional Del Café,2016-01-01,2016-03-17,Catuai,Washed / Wet,7.42,7.33,7.08,7.58,7.33,7.25,10.0,10.0,10.0,7.42,81.42,0.1,0,0.0,Green,0,2017-03-17,ft,1371.6,1371.6,1371.6
952,Arabica,bismarck castro,Honduras,las cuchillas,149,dry mill,13-111-084,cigrah s.a de c.v,comayagua,Nahun Maldonado,275,69,Instituto Hondureño del Café,,2016-06-09,Caturra,Washed / Wet,7.5,7.5,7.0,7.17,7.5,7.33,10.0,10.0,10.0,7.33,81.33,0.11,0,2.0,Bluish-Green,3,2017-06-09,m,1500.0,1500.0,1500.0
963,Arabica,"lin, che-hao krude 林哲豪",Taiwan,jing jing café 晶晶坊青山咖啡教室,2016NA Lot001,jing jing café 晶晶坊青山咖啡教室,Taiwan,taiwan coffee laboratory,"dongshan dist., tainan city 台南市東山區",Hu Guei Jing 胡桂青,20,50,Specialty Coffee Association,2015-01-01,2016-05-18,Typica,Natural / Dry,7.83,7.75,7.67,7.83,7.83,7.75,9.33,10.0,10.0,5.25,81.25,0.12,0,0.0,Green,0,2017-05-18,m,680.0,680.0,680.0
1000,Arabica,consejo salvadoreño del café,El Salvador,santa josefita,1-198,beneficio cuzcachapa,09-030-273,soc. coop. cuzcachapa de r.l.,apaneca,"Balcanes Coffee Estates, S.A. de C.V.",100,69,Salvadoran Coffee Council,2017-01-01,2017-08-28,Bourbon,Washed / Wet,7.42,7.08,7.08,7.33,7.25,7.58,10.0,10.0,10.0,7.25,81.0,0.0,0,2.0,Green,6,2018-08-28,m,1450.0,1450.0,1450.0
1002,Arabica,juan luis alvarado romero,Guatemala,chapultepec,11/23/0506,beneficio ixchel,11/23/0506,"unex guatemala, s.a.",norte,CHAPULTEPEC,120,69,Asociacion Nacional Del Café,2016-01-01,,Bourbon,Washed / Wet,7.42,7.25,7.17,7.5,7.25,7.17,10.0,10.0,10.0,7.25,81.0,0.09,0,0.0,Green,8,,m,3280.0,3280.0,3280.0
1015,Arabica,juan luis alvarado romero,Guatemala,la esperanza,11/23/0689,beneficio ixchel,11/23/0689,"unex guatemala, s.a.",oriente,"AGRICOLA EL PILAR, S.A.",25,69,Asociacion Nacional Del Café,2017-01-01,,Bourbon,Washed / Wet,7.67,7.67,7.33,7.58,7.67,7.5,9.33,9.33,9.33,7.5,80.92,0.1,0,0.0,Green,2,,m,1901.0,1901.0,1901.0
1070,Arabica,juan luis alvarado romero,Guatemala,el guayabo,11/15/0293,el guayabo,11/15/0293,"peter schoelfeld, s.a",santa rosa,EDWIN MUÑOZ,275,69,Asociacion Nacional Del Café,2017-01-01,2017-09-08,Caturra,Washed / Wet,7.33,7.25,7.08,7.17,7.25,7.17,10.0,10.0,10.0,7.25,80.5,0.1,0,0.0,Green,4,2018-09-08,m,1500.0,1500.0,1500.0
1071,Arabica,janny marlith torres,Honduras,la bendicion,331,en cortado beneficiado y secado por el productor,13-154-234,coffee planet corporation s.a,ocotepeque,Jorge Alfredo Pinto,15,69,Instituto Hondureño del Café,2017-01-01,,Catuai,Washed / Wet,7.58,7.33,7.0,7.17,7.33,7.08,10.0,10.0,10.0,7.0,80.5,0.11,0,0.0,Green,5,,m,1650.0,1650.0,1650.0
1095,Arabica,volcafe ltda. - brasil,Brazil,são rafael_ ra/ras certified,2017-003,copag - varginha - mg,002/143-0/0058,volcafe ltda.,cerrado - monte carmelo - minas gerais,Luiz Augusto Pereira Moguilod,440,59,Brazil Specialty Coffee Association,,,Catuai,Natural / Dry,7.17,7.33,7.42,7.08,7.0,7.0,10.0,10.0,10.0,7.25,80.25,0.11,0,1.0,Green,1,,m,995.0,995.0,995.0
1096,Arabica,bismarck castro,Honduras,las moras,102,cigrah s.a de c.v.,13-111-053,cigrah s.a de c.v,comayagua,Yamilet Lope,275,69,Instituto Hondureño del Café,2016-01-01,2017-04-06,Caturra,Natural / Dry,7.25,7.25,7.0,7.0,7.42,7.0,10.0,10.0,10.0,7.33,80.25,0.1,0,0.0,Green,4,2018-04-06,m,1400.0,1400.0,1400.0
1123,Arabica,"comercial internacional exportadora, s.a.",Nicaragua,santa matilde,605135 / K1730103,beneficio san carlos,017/001/1638,"comercial internacional exportadora, s.a.",jinotega,RONALDO LACAYO CARDENAL,275,69,Instituto Hondureño del Café,2017-01-01,2017-06-13,Caturra,Washed / Wet,7.33,7.08,6.92,7.08,7.42,7.17,10.0,10.0,10.0,7.0,80.0,0.1,0,0.0,Green,5,2018-06-13,m,1250.0,1250.0,1250.0
1141,Arabica,juan luis alvarado romero,Guatemala,piamonte,11/23/0639,beneficio ixchel,11/23/0639,"unex guatemala, s.a.",san marcos,JORGE LEAL,50,69,Asociacion Nacional Del Café,2017-01-01,,Bourbon,Washed / Wet,7.33,7.25,6.92,7.33,7.25,7.33,9.33,10.0,10.0,7.08,79.83,0.1,0,0.0,Green,2,,m,1700.0,1700.0,1700.0
1145,Arabica,juan luis alvarado romero,Guatemala,la esperanza,11/23/0507,beneficio ixchel,11/23/0507,"unex guatemala, s.a.",oriente,"AGRICOLA EL PILAR, S.A.",25,69,Asociacion Nacional Del Café,2016-01-01,,Bourbon,Washed / Wet,7.5,7.42,7.25,7.58,7.33,7.42,9.33,9.33,9.33,7.25,79.75,0.1,0,4.0,Green,1,,m,190164.0,190164.0,190164.0
1158,Arabica,juan luis alvarado romero,Guatemala,la esmeralda,11/23/0508,beneficio ixchel,11/23/0508,"unex guatemala, s.a.",oriente,JESUS RAMIREZ,25,69,Asociacion Nacional Del Café,2016-01-01,,Bourbon,Washed / Wet,7.42,7.42,7.25,7.58,7.42,7.33,9.33,9.33,9.33,7.25,79.67,0.1,0,2.0,Green,1,,ft,1219.2,1219.2,1219.2
1159,Arabica,consejo salvadoreño del café,El Salvador,la montaña,1,sociedad cooperativa de cafetaleros de ciudad barrios de r.l.,9,consejo salvadoreño del café,cacahuatique,Sociedad Cooperativa de Cafetaleros de Ciudad Barrios de R.L.,275,69,Salvadoran Coffee Council,2016-01-01,,Bourbon,Washed / Wet,7.25,7.08,7.0,6.83,7.33,7.17,10.0,10.0,10.0,7.0,79.67,0.0,0,0.0,Bluish-Green,12,,m,1250.0,1250.0,1250.0
1185,Arabica,juan luis alvarado romero,Guatemala,las delicias,11/23/0632,beneficio ixchel,11/23/0632,"unex guatemala, s.a.",santa rosa,OTTO BECKER,50,69,Asociacion Nacional Del Café,2017-01-01,,Bourbon,Washed / Wet,7.33,7.42,7.33,7.42,7.5,7.42,8.67,9.33,9.33,7.42,79.17,0.1,0,0.0,Green,0,,ft,1219.2,1219.2,1219.2
1186,Arabica,janny marlith torres,Honduras,la bendicion,Lot # 331,dry in solar beds,13-154-234,coffee planet corporation s.a,ocotepeque,Jorge Alfredo Pinto,15,69,Instituto Hondureño del Café,2017-01-01,2017-07-27,Catuai,Washed / Wet,7.58,7.0,6.75,6.92,7.0,6.92,10.0,10.0,10.0,7.0,79.17,0.11,0,0.0,Green,5,2018-07-27,m,1650.0,1650.0,1650.0
1187,Arabica,juan luis alvarado romero,Guatemala,chapultepec,11/23/0168,beneficio ixchel,11/23/0168,"unex guatemala, s.a.",occidente,CHAPULTEPEC,250,69,Asociacion Nacional Del Café,2016-01-01,,Bourbon,Washed / Wet,7.08,7.0,6.92,7.42,7.0,6.92,10.0,10.0,10.0,6.83,79.17,0.11,0,8.0,Green,6,,m,1320.0,1320.0,1320.0
1193,Arabica,juan luis alvarado romero,Guatemala,las merceditas,11/23/0693,beneficio ixchel,11/23/0693,"unex guatemala, s.a.",san marcos,ANGEL DE LEON,50,69,Asociacion Nacional Del Café,2017-01-01,,Bourbon,Washed / Wet,7.58,7.67,7.42,7.42,7.67,7.67,8.67,8.67,8.67,7.67,79.08,0.1,0,0.0,Green,1,,m,1700.0,1700.0,1700.0
1207,Arabica,"exportadora atlantic, s.a.",Nicaragua,finca las marías,017-053-0211/053-0212,beneficio atlantic condega,017-053-0211/053-0212,exportadora atlantic s.a,jalapa,Teófilo Narváez,1,1,Instituto Hondureño del Café,2016-01-01,,Caturra,Other,7.17,7.0,6.92,7.0,7.0,7.0,10.0,10.0,10.0,6.75,78.83,0.1,0,2.0,Green,4,,m,1100.0,1100.0,1100.0
1236,Arabica,"lin, che-hao krude 林哲豪",Taiwan,大鋤花間 (hoe vs. flower coffee farm),2017台南市精品咖啡評鑑批次 Specialty Coffee Evaluation of Tainan 2017 lot.20161230,大鋤花間 (hoe vs. flower coffee farm),Taiwan,taiwan coffee laboratory,"台南市東山區( dongshan dist., tainan city)","林俊吉( Lin, Chun-Chi)",8,10,Specialty Coffee Association,2016-01-01,2017-06-06,Yellow Bourbon,Washed / Wet,7.5,7.08,7.33,7.17,7.5,7.5,6.67,10.0,10.0,7.25,78.0,0.0,3,0.0,Green,4,2018-06-06,m,650.0,650.0,650.0
1254,Arabica,ipanema coffees,Brazil,fazenda capoeirnha,020/17,dry mill,002/1660/0080,ipanema coffees,south of minas,Ipanema Agricola S.A,320,60,Brazil Specialty Coffee Association,,2017-10-20,Bourbon,Natural / Dry,7.5,7.33,7.42,7.58,7.58,6.92,8.0,8.0,10.0,7.0,77.33,0.0,0,0.0,Green,3,2018-10-20,m,890.0,890.0,890.0
1309,Arabica,"exportadora atlantic, s.a.",Nicaragua,finca las marías,017-053-0211/ 017-053-0212,beneficio atlantic condega,017-053-0211/ 017-053-0212,exportadora atlantic s.a,jalapa,Teófilo Narváez,550,69,Instituto Hondureño del Café,2016-01-01,2017-06-06,Caturra,Other,7.25,6.58,6.33,6.25,6.42,6.08,6.0,6.0,6.0,6.17,63.08,0.13,1,0.0,Green,5,2018-06-06,m,1100.0,1100.0,1100.0
